Courriel,MotDePasse,Creation,NbConnexions,Statut,NoEmpl,Nom,Prenom,NoTelMaison,NoTelTravail,NoTelCellulaire,AutresInfos
user1@example.com,Password1,2024-05-24 10:00:00,0,3,101,Nom1,Prenom1,(123) 456-7890N,(123) 456-7890 #1234P,(123) 456-7890P,Info1
user2@example.com,Password2,2024-05-24 11:00:00,0,2,102,Nom2,Prenom2,(124) 456-7891N,(124) 456-7891 #1235P,(124) 456-7891P,Info2
user3@example.com,Password3,2024-05-24 12:00:00,0,4,103,Nom3,Prenom3,(125) 456-7892N,(125) 456-7892 #1236P,(125) 456-7892P,Info3
user4@example.com,Password4,2024-05-24 13:00:00,0,4,104,Nom4,Prenom4,(126) 456-7893N,(126) 456-7893 #1237P,(126) 456-7893P,Info4
user5@example.com,Password5,2024-05-24 14:00:00,0,5,105,Nom5,Prenom5,(127) 456-7894N,(127) 456-7894 #1238P,(127) 456-7894P,Info5
user6@example.com,Password6,2024-05-24 15:00:00,0,3,106,Nom6,Prenom6,(128) 456-7895N,(128) 456-7895 #1239P,(128) 456-7895P,Info6
user7@example.com,Password7,2024-05-24 16:00:00,0,2,107,Nom7,Prenom7,(129) 456-7896N,(129) 456-7896 #1240P,(129) 456-7896N,Info7
user8@example.com,Password8,2024-05-24 17:00:00,0,5,108,Nom8,Prenom8,(130) 456-7897N,(130) 456-7897 #1241P,(130) 456-7897N,Info8
user9@example.com,Password9,2024-05-24 18:00:00,0,4,109,Nom9,Prenom9,(131) 456-7898N,(131) 456-7898 #1242P,(131) 456-7898N,Info9
user10@example.com,Password10,2024-05-24 19:00:00,3,5,110,Nom10,Prenom10,(132) 456-7899N,(132) 456-7899 #1243P,(132) 456-7899N,Info10
